{".env":[".env"],"assets/BF.png":["assets/BF.png"],"assets/GazeboSplash.png":["assets/GazeboSplash.png"],"assets/GazeboSplash.svg":["assets/GazeboSplash.svg"],"assets/beeple.jpg":["assets/beeple.jpg"],"assets/food.jpg":["assets/food.jpg"],"assets/image.jpg":["assets/image.jpg"],"assets/logo.png":["assets/logo.png"],"assets/news.jpg":["assets/news.jpg"],"assets/opinion.jpg":["assets/opinion.jpg"],"assets/politics.jpg":["assets/politics.jpg"],"assets/satire.jpg":["assets/satire.jpg"],"assets/sports.png":["assets/sports.png"],"packages/community_material_icon/fonts/materialdesignicons-webfont.ttf":["packages/community_material_icon/fonts/materialdesignicons-webfont.ttf"],"packages/cupertino_icons/assets/CupertinoIcons.ttf":["packages/cupertino_icons/assets/CupertinoIcons.ttf"],"packages/rflutter_alert/assets/images/close.png":["packages/rflutter_alert/assets/images/close.png","packages/rflutter_alert/assets/images/2.0x/close.png","packages/rflutter_alert/assets/images/3.0x/close.png"],"packages/rflutter_alert/assets/images/icon_error.png":["packages/rflutter_alert/assets/images/icon_error.png","packages/rflutter_alert/assets/images/2.0x/icon_error.png","packages/rflutter_alert/assets/images/3.0x/icon_error.png"],"packages/rflutter_alert/assets/images/icon_info.png":["packages/rflutter_alert/assets/images/icon_info.png","packages/rflutter_alert/assets/images/2.0x/icon_info.png","packages/rflutter_alert/assets/images/3.0x/icon_info.png"],"packages/rflutter_alert/assets/images/icon_success.png":["packages/rflutter_alert/assets/images/icon_success.png","packages/rflutter_alert/assets/images/2.0x/icon_success.png","packages/rflutter_alert/assets/images/3.0x/icon_success.png"],"packages/rflutter_alert/assets/images/icon_warning.png":["packages/rflutter_alert/assets/images/icon_warning.png","packages/rflutter_alert/assets/images/2.0x/icon_warning.png","packages/rflutter_alert/assets/images/3.0x/icon_warning.png"]}